id,gender
Human (1),male
Human (10),female
Human (100),male
Human (1000),male
Human (1001),male
Human (1002),male
Human (1003),male
Human (1004),male
Human (1005),male
Human (1006),male
Human (1007),male
Human (1008),male
Human (1009),female
Human (101),female
Human (1010),female
Human (1011),female
Human (1012),female
Human (1013),female
Human (1014),female
Human (1015),female
Human (1016),female
Human (1017),male
Human (1018),male
Human (1019),male
Human (102),female
Human (1020),male
Human (1021),male
Human (1022),male
Human (1023),male
Human (1024),male
Human (1025),male
Human (1026),male
Human (1027),male
Human (1028),male
Human (1029),male
Human (103),female
Human (1030),male
Human (1031),male
Human (1032),male
Human (1033),male
Human (1034),male
Human (1035),male
Human (1036),male
Human (1037),male
Human (1038),male
Human (1039),male
Human (104),female
Human (1040),male
Human (1041),female
Human (1042),female
Human (1043),female
Human (1044),female
Human (1045),male
Human (1046),male
Human (1047),male
Human (1048),male
Human (1049),male
Human (105),male
Human (1050),male
Human (1051),male
Human (1052),male
Human (1053),female
Human (1054),female
Human (1055),female
Human (1056),female
Human (1057),male
Human (1058),male
Human (1059),male
Human (106),male
Human (1060),male
Human (1061),female
Human (1062),female
Human (1063),female
Human (1064),female
Human (1065),male
Human (1066),male
Human (1067),male
Human (1068),male
Human (1069),female
Human (107),male
Human (1070),female
Human (1071),female
Human (1072),female
Human (1073),male
Human (1074),male
Human (1075),male
Human (1076),male
Human (1077),male
Human (1078),male
Human (1079),male
Human (108),male
Human (1080),male
Human (1081),male
Human (1082),male
Human (1083),male
Human (1084),male
Human (1085),female
Human (1086),female
Human (1087),female
Human (1088),female
Human (1089),female
Human (109),male
Human (1090),female
Human (1091),female
Human (1092),female
Human (1093),male
Human (1094),male
Human (1095),male
Human (1096),male
Human (1097),female
Human (1098),female
Human (1099),female
Human (11),female
Human (110),male
Human (1100),female
Human (1101),female
Human (1102),female
Human (1103),female
Human (1104),female
Human (1105),male
Human (1106),male
Human (1107),male
Human (1108),male
Human (1109),female
Human (111),male
Human (1110),female
Human (1111),female
Human (1112),female
Human (1113),female
Human (1114),female
Human (1115),female
Human (1116),female
Human (1117),female
Human (1118),female
Human (1119),female
Human (112),male
Human (1120),female
Human (1121),female
Human (1122),female
Human (1123),female
Human (1124),female
Human (1125),male
Human (1126),male
Human (1127),male
Human (1128),male
Human (1129),male
Human (113),male
Human (1130),male
Human (1131),male
Human (1132),male
Human (1133),male
Human (1134),male
Human (1135),male
Human (1136),male
Human (1137),male
Human (1138),male
Human (1139),male
Human (114),male
Human (1140),male
Human (1141),male
Human (1142),male
Human (1143),male
Human (1144),male
Human (1145),female
Human (1146),female
Human (1147),female
Human (1148),female
Human (1149),male
Human (115),male
Human (1150),male
Human (1151),male
Human (1152),male
Human (1153),female
Human (1154),female
Human (1155),female
Human (1156),female
Human (1157),female
Human (1158),female
Human (1159),female
Human (116),male
Human (1160),female
Human (1161),male
Human (1162),male
Human (1163),male
Human (1164),male
Human (1165),male
Human (1166),male
Human (1167),male
Human (1168),male
Human (1169),female
Human (117),male
Human (1170),female
Human (1171),female
Human (1172),female
Human (1173),female
Human (1174),female
Human (1175),female
Human (1176),female
Human (1177),female
Human (1178),female
Human (1179),female
Human (118),male
Human (1180),female
Human (1181),male
Human (1182),male
Human (1183),male
Human (1184),male
Human (1185),male
Human (1186),male
Human (1187),male
Human (1188),male
Human (1189),female
Human (119),male
Human (1190),female
Human (1191),female
Human (1192),female
Human (1193),female
Human (1194),female
Human (1195),female
Human (1196),female
Human (1197),female
Human (1198),female
Human (1199),female
Human (12),female
Human (120),male
Human (1200),female
Human (1201),female
Human (1202),female
Human (1203),female
Human (1204),female
Human (1205),female
Human (1206),female
Human (1207),female
Human (1208),female
Human (1209),female
Human (121),male
Human (1210),female
Human (1211),female
Human (1212),female
Human (1213),male
Human (1214),male
Human (1215),male
Human (1216),male
Human (1217),male
Human (1218),male
Human (1219),male
Human (122),male
Human (1220),male
Human (1221),female
Human (1222),female
Human (1223),female
Human (1224),female
Human (1225),female
Human (1226),female
Human (1227),female
Human (1228),female
Human (1229),female
Human (123),male
Human (1230),female
Human (1231),female
Human (1232),female
Human (1233),male
Human (1234),male
Human (1235),male
Human (1236),male
Human (1237),male
Human (1238),male
Human (1239),male
Human (124),male
Human (1240),male
Human (1241),female
Human (1242),female
Human (1243),female
Human (1244),female
Human (1245),male
Human (1246),male
Human (1247),male
Human (1248),male
Human (1249),female
Human (125),male
Human (1250),female
Human (1251),female
Human (1252),female
Human (1253),male
Human (1254),male
Human (1255),male
Human (1256),male
Human (1257),male
Human (1258),male
Human (1259),male
Human (126),male
Human (1260),male
Human (1261),male
Human (1262),male
Human (1263),male
Human (1264),male
Human (1265),female
Human (1266),female
Human (1267),female
Human (1268),female
Human (1269),female
Human (127),male
Human (1270),female
Human (1271),female
Human (1272),female
Human (1273),male
Human (1274),male
Human (1275),male
Human (1276),male
Human (1277),male
Human (1278),male
Human (1279),male
Human (128),male
Human (1280),male
Human (1281),male
Human (1282),male
Human (1283),male
Human (1284),male
Human (1285),male
Human (1286),male
Human (1287),male
Human (1288),male
Human (1289),female
Human (129),female
Human (1290),female
Human (1291),female
Human (1292),female
Human (1293),male
Human (1294),male
Human (1295),male
Human (1296),male
Human (1297),female
Human (1298),female
Human (1299),female
Human (13),male
Human (130),female
Human (1300),female
Human (1301),male
Human (1302),male
Human (1303),male
Human (1304),male
Human (1305),male
Human (1306),male
Human (1307),male
Human (1308),male
Human (1309),female
Human (131),female
Human (1310),female
Human (1311),female
Human (1312),female
Human (1313),female
Human (1314),female
Human (1315),female
Human (1316),female
Human (1317),female
Human (1318),female
Human (1319),female
Human (132),female
Human (1320),female
Human (1321),male
Human (1322),male
Human (1323),male
Human (1324),male
Human (1325),male
Human (1326),male
Human (1327),male
Human (1328),male
Human (1329),female
Human (133),male
Human (1330),female
Human (1331),female
Human (1332),female
Human (1333),male
Human (1334),male
Human (1335),male
Human (1336),male
Human (1337),male
Human (1338),male
Human (1339),male
Human (134),male
Human (1340),male
Human (1341),male
Human (1342),male
Human (1343),male
Human (1344),male
Human (1345),male
Human (1346),male
Human (1347),male
Human (1348),male
Human (1349),male
Human (135),male
Human (1350),male
Human (1351),male
Human (1352),male
Human (1353),female
Human (1354),female
Human (1355),female
Human (1356),female
Human (1357),female
Human (1358),female
Human (1359),female
Human (136),male
Human (1360),female
Human (1361),male
Human (1362),male
Human (1363),male
Human (1364),male
Human (1365),male
Human (1366),male
Human (1367),male
Human (1368),male
Human (1369),female
Human (137),male
Human (1370),female
Human (1371),female
Human (1372),female
Human (1373),male
Human (1374),male
Human (1375),male
Human (1376),male
Human (1377),female
Human (1378),female
Human (1379),female
Human (138),male
Human (1380),female
Human (1381),female
Human (1382),female
Human (1383),female
Human (1384),female
Human (1385),female
Human (1386),female
Human (1387),female
Human (1388),female
Human (1389),female
Human (139),male
Human (1390),female
Human (1391),female
Human (1392),female
Human (1393),female
Human (1394),female
Human (1395),female
Human (1396),female
Human (1397),female
Human (1398),female
Human (1399),female
Human (14),male
Human (140),male
Human (1400),female
Human (1401),male
Human (1402),male
Human (1403),male
Human (1404),male
Human (1405),male
Human (1406),male
Human (1407),male
Human (1408),male
Human (1409),female
Human (141),female
Human (1410),female
Human (1411),female
Human (1412),female
Human (1413),male
Human (1414),male
Human (1415),male
Human (1416),male
Human (1417),male
Human (1418),male
Human (1419),male
Human (142),female
Human (1420),male
Human (1421),female
Human (1422),female
Human (1423),female
Human (1424),female
Human (1425),male
Human (1426),male
Human (1427),male
Human (1428),male
Human (1429),male
Human (143),female
Human (1430),male
Human (1431),male
Human (1432),male
Human (1433),female
Human (1434),female
Human (1435),female
Human (1436),female
Human (1437),female
Human (1438),female
Human (1439),female
Human (144),female
Human (1440),female
Human (1441),male
Human (1442),male
Human (1443),male
Human (1444),male
Human (1445),male
Human (1446),male
Human (1447),male
Human (1448),male
Human (1449),female
Human (145),female
Human (1450),female
Human (1451),female
Human (1452),female
Human (1453),female
Human (1454),female
Human (1455),female
Human (1456),female
Human (1457),female
Human (1458),female
Human (1459),female
Human (146),female
Human (1460),female
Human (1461),male
Human (1462),male
Human (1463),male
Human (1464),male
Human (1465),female
Human (1466),female
Human (1467),female
Human (1468),female
Human (1469),male
Human (147),female
Human (1470),male
Human (1471),male
Human (1472),male
Human (1473),female
Human (1474),female
Human (1475),female
Human (1476),female
Human (1477),male
Human (1478),male
Human (1479),male
Human (148),female
Human (1480),male
Human (1481),male
Human (1482),male
Human (1483),male
Human (1484),male
Human (1485),male
Human (1486),male
Human (1487),male
Human (1488),male
Human (149),female
Human (15),male
Human (150),female
Human (151),female
Human (152),female
Human (153),female
Human (154),female
Human (155),female
Human (156),female
Human (157),female
Human (158),female
Human (159),female
Human (16),male
Human (160),female
Human (161),male
Human (162),male
Human (163),male
Human (164),male
Human (165),male
Human (166),male
Human (167),male
Human (168),male
Human (169),male
Human (17),male
Human (170),male
Human (171),male
Human (172),male
Human (173),male
Human (174),male
Human (175),male
Human (176),male
Human (177),male
Human (178),male
Human (179),male
Human (18),male
Human (180),male
Human (181),female
Human (182),female
Human (183),female
Human (184),female
Human (185),male
Human (186),male
Human (187),male
Human (188),male
Human (189),male
Human (19),male
Human (190),male
Human (191),male
Human (192),male
Human (193),male
Human (194),male
Human (195),male
Human (196),male
Human (197),female
Human (198),female
Human (199),female
Human (2),male
Human (20),male
Human (200),female
Human (201),male
Human (202),male
Human (203),male
Human (204),male
Human (205),male
Human (206),male
Human (207),male
Human (208),male
Human (209),male
Human (21),female
Human (210),male
Human (211),male
Human (212),male
Human (213),female
Human (214),female
Human (215),female
Human (216),female
Human (217),female
Human (218),female
Human (219),female
Human (22),female
Human (220),female
Human (221),male
Human (222),male
Human (223),male
Human (224),male
Human (225),male
Human (226),male
Human (227),male
Human (228),male
Human (229),male
Human (23),female
Human (230),male
Human (231),male
Human (232),male
Human (233),female
Human (234),female
Human (235),female
Human (236),female
Human (237),male
Human (238),male
Human (239),male
Human (24),female
Human (240),male
Human (241),male
Human (242),male
Human (243),male
Human (244),male
Human (245),female
Human (246),female
Human (247),female
Human (248),female
Human (249),male
Human (25),male
Human (250),male
Human (251),male
Human (252),male
Human (253),male
Human (254),male
Human (255),male
Human (256),male
Human (257),female
Human (258),female
Human (259),female
Human (26),male
Human (260),female
Human (261),male
Human (262),male
Human (263),male
Human (264),male
Human (265),female
Human (266),female
Human (267),female
Human (268),female
Human (269),female
Human (27),male
Human (270),female
Human (271),female
Human (272),female
Human (273),female
Human (274),female
Human (275),female
Human (276),female
Human (277),female
Human (278),female
Human (279),female
Human (28),male
Human (280),female
Human (281),male
Human (282),male
Human (283),male
Human (284),male
Human (285),female
Human (286),female
Human (287),female
Human (288),female
Human (289),male
Human (29),female
Human (290),male
Human (291),male
Human (292),male
Human (293),male
Human (294),male
Human (295),male
Human (296),male
Human (297),female
Human (298),female
Human (299),female
Human (3),male
Human (30),female
Human (300),female
Human (301),female
Human (302),female
Human (303),female
Human (304),female
Human (305),male
Human (306),male
Human (307),male
Human (308),male
Human (309),female
Human (31),female
Human (310),female
Human (311),female
Human (312),female
Human (313),male
Human (314),male
Human (315),male
Human (316),male
Human (317),male
Human (318),male
Human (319),male
Human (32),female
Human (320),male
Human (321),female
Human (322),female
Human (323),female
Human (324),female
Human (325),male
Human (326),male
Human (327),male
Human (328),male
Human (329),female
Human (33),female
Human (330),female
Human (331),female
Human (332),female
Human (333),female
Human (334),female
Human (335),female
Human (336),female
Human (337),female
Human (338),female
Human (339),female
Human (34),female
Human (340),female
Human (341),male
Human (342),male
Human (343),male
Human (344),male
Human (345),male
Human (346),male
Human (347),male
Human (348),male
Human (349),male
Human (35),female
Human (350),male
Human (351),male
Human (352),male
Human (353),male
Human (354),male
Human (355),male
Human (356),male
Human (357),female
Human (358),female
Human (359),female
Human (36),female
Human (360),female
Human (361),male
Human (362),male
Human (363),male
Human (364),male
Human (365),male
Human (366),male
Human (367),male
Human (368),male
Human (369),male
Human (37),female
Human (370),male
Human (371),male
Human (372),male
Human (373),male
Human (374),male
Human (375),male
Human (376),male
Human (377),male
Human (378),male
Human (379),male
Human (38),female
Human (380),male
Human (381),male
Human (382),male
Human (383),male
Human (384),male
Human (385),male
Human (386),male
Human (387),male
Human (388),male
Human (389),male
Human (39),female
Human (390),male
Human (391),male
Human (392),male
Human (393),male
Human (394),male
Human (395),male
Human (396),male
Human (397),male
Human (398),male
Human (399),male
Human (4),male
Human (40),female
Human (400),male
Human (401),male
Human (402),male
Human (403),male
Human (404),male
Human (405),male
Human (406),male
Human (407),male
Human (408),male
Human (409),female
Human (41),male
Human (410),female
Human (411),female
Human (412),female
Human (413),male
Human (414),male
Human (415),male
Human (416),male
Human (417),male
Human (418),male
Human (419),male
Human (42),male
Human (420),male
Human (421),male
Human (422),male
Human (423),male
Human (424),male
Human (425),male
Human (426),male
Human (427),male
Human (428),male
Human (429),male
Human (43),male
Human (430),male
Human (431),male
Human (432),male
Human (433),female
Human (434),female
Human (435),female
Human (436),female
Human (437),male
Human (438),male
Human (439),male
Human (44),male
Human (440),male
Human (441),female
Human (442),female
Human (443),female
Human (444),female
Human (445),male
Human (446),male
Human (447),male
Human (448),male
Human (449),male
Human (45),female
Human (450),male
Human (451),male
Human (452),male
Human (453),female
Human (454),female
Human (455),female
Human (456),female
Human (457),male
Human (458),male
Human (459),male
Human (46),female
Human (460),male
Human (461),female
Human (462),female
Human (463),female
Human (464),female
Human (465),male
Human (466),male
Human (467),male
Human (468),male
Human (469),male
Human (47),female
Human (470),male
Human (471),male
Human (472),male
Human (473),male
Human (474),male
Human (475),male
Human (476),male
Human (477),male
Human (478),male
Human (479),male
Human (48),female
Human (480),male
Human (481),male
Human (482),male
Human (483),male
Human (484),male
Human (485),male
Human (486),male
Human (487),male
Human (488),male
Human (489),male
Human (49),male
Human (490),male
Human (491),male
Human (492),male
Human (493),female
Human (494),female
Human (495),female
Human (496),female
Human (497),male
Human (498),male
Human (499),male
Human (5),female
Human (50),male
Human (500),male
Human (501),male
Human (502),male
Human (503),male
Human (504),male
Human (505),male
Human (506),male
Human (507),male
Human (508),male
Human (509),male
Human (51),male
Human (510),male
Human (511),male
Human (512),male
Human (513),male
Human (514),male
Human (515),male
Human (516),male
Human (517),male
Human (518),male
Human (519),male
Human (52),male
Human (520),male
Human (521),male
Human (522),male
Human (523),male
Human (524),male
Human (525),male
Human (526),male
Human (527),male
Human (528),male
Human (529),male
Human (53),male
Human (530),male
Human (531),male
Human (532),male
Human (533),male
Human (534),male
Human (535),male
Human (536),male
Human (537),male
Human (538),male
Human (539),male
Human (54),male
Human (540),male
Human (541),male
Human (542),male
Human (543),male
Human (544),male
Human (545),female
Human (546),female
Human (547),female
Human (548),female
Human (549),female
Human (55),male
Human (550),female
Human (551),female
Human (552),female
Human (553),male
Human (554),male
Human (555),male
Human (556),male
Human (557),male
Human (558),male
Human (559),male
Human (56),male
Human (560),male
Human (561),male
Human (562),male
Human (563),male
Human (564),male
Human (565),male
Human (566),male
Human (567),male
Human (568),male
Human (569),female
Human (57),female
Human (570),female
Human (571),female
Human (572),female
Human (573),male
Human (574),male
Human (575),male
Human (576),male
Human (577),female
Human (578),female
Human (579),female
Human (58),female
Human (580),female
Human (581),male
Human (582),male
Human (583),male
Human (584),male
Human (585),male
Human (586),male
Human (587),male
Human (588),male
Human (589),female
Human (59),female
Human (590),female
Human (591),female
Human (592),female
Human (593),female
Human (594),female
Human (595),female
Human (596),female
Human (597),female
Human (598),female
Human (599),female
Human (6),female
Human (60),female
Human (600),female
Human (601),male
Human (602),male
Human (603),male
Human (604),male
Human (605),female
Human (606),female
Human (607),female
Human (608),female
Human (609),male
Human (61),male
Human (610),male
Human (611),male
Human (612),male
Human (613),male
Human (614),male
Human (615),male
Human (616),male
Human (617),female
Human (618),female
Human (619),female
Human (62),male
Human (620),female
Human (621),female
Human (622),female
Human (623),female
Human (624),female
Human (625),male
Human (626),male
Human (627),male
Human (628),male
Human (629),male
Human (63),male
Human (630),male
Human (631),male
Human (632),male
Human (633),male
Human (634),male
Human (635),male
Human (636),male
Human (637),male
Human (638),male
Human (639),male
Human (64),male
Human (640),male
Human (641),female
Human (642),female
Human (643),female
Human (644),female
Human (645),male
Human (646),male
Human (647),male
Human (648),male
Human (649),male
Human (65),male
Human (650),male
Human (651),male
Human (652),male
Human (653),male
Human (654),male
Human (655),male
Human (656),male
Human (657),male
Human (658),male
Human (659),male
Human (66),male
Human (660),male
Human (661),male
Human (662),male
Human (663),male
Human (664),male
Human (665),female
Human (666),female
Human (667),female
Human (668),female
Human (669),female
Human (67),male
Human (670),female
Human (671),female
Human (672),female
Human (673),male
Human (674),male
Human (675),male
Human (676),male
Human (677),male
Human (678),male
Human (679),male
Human (68),male
Human (680),male
Human (681),female
Human (682),female
Human (683),female
Human (684),female
Human (685),female
Human (686),female
Human (687),female
Human (688),female
Human (689),female
Human (69),male
Human (690),female
Human (691),female
Human (692),female
Human (693),male
Human (694),male
Human (695),male
Human (696),male
Human (697),male
Human (698),male
Human (699),male
Human (7),female
Human (70),male
Human (700),male
Human (701),female
Human (702),female
Human (703),female
Human (704),female
Human (705),male
Human (706),male
Human (707),male
Human (708),male
Human (709),male
Human (71),male
Human (710),male
Human (711),male
Human (712),male
Human (713),female
Human (714),female
Human (715),female
Human (716),female
Human (717),male
Human (718),male
Human (719),male
Human (72),male
Human (720),male
Human (721),male
Human (722),male
Human (723),male
Human (724),male
Human (725),female
Human (726),female
Human (727),female
Human (728),female
Human (729),male
Human (73),female
Human (730),male
Human (731),male
Human (732),male
Human (733),male
Human (734),male
Human (735),male
Human (736),male
Human (737),male
Human (738),male
Human (739),male
Human (74),female
Human (740),male
Human (741),male
Human (742),male
Human (743),male
Human (744),male
Human (745),male
Human (746),male
Human (747),male
Human (748),male
Human (749),male
Human (75),female
Human (750),male
Human (751),male
Human (752),male
Human (753),female
Human (754),female
Human (755),female
Human (756),female
Human (757),male
Human (758),male
Human (759),male
Human (76),female
Human (760),male
Human (761),female
Human (762),female
Human (763),female
Human (764),female
Human (765),male
Human (766),male
Human (767),male
Human (768),male
Human (769),male
Human (77),female
Human (770),male
Human (771),male
Human (772),male
Human (773),female
Human (774),female
Human (775),female
Human (776),female
Human (777),female
Human (778),female
Human (779),female
Human (78),female
Human (780),female
Human (781),male
Human (782),male
Human (783),male
Human (784),male
Human (785),male
Human (786),male
Human (787),male
Human (788),male
Human (789),female
Human (79),female
Human (790),female
Human (791),female
Human (792),female
Human (793),male
Human (794),male
Human (795),male
Human (796),male
Human (797),male
Human (798),male
Human (799),male
Human (8),female
Human (80),female
Human (800),male
Human (801),male
Human (802),male
Human (803),male
Human (804),male
Human (805),male
Human (806),male
Human (807),male
Human (808),male
Human (809),male
Human (81),male
Human (810),male
Human (811),male
Human (812),male
Human (813),male
Human (814),male
Human (815),male
Human (816),male
Human (817),male
Human (818),male
Human (819),male
Human (82),male
Human (820),male
Human (821),female
Human (822),female
Human (823),female
Human (824),female
Human (825),male
Human (826),male
Human (827),male
Human (828),male
Human (829),male
Human (83),male
Human (830),male
Human (831),male
Human (832),male
Human (833),male
Human (834),male
Human (835),male
Human (836),male
Human (837),male
Human (838),male
Human (839),male
Human (84),male
Human (840),male
Human (841),female
Human (842),female
Human (843),female
Human (844),female
Human (845),male
Human (846),male
Human (847),male
Human (848),male
Human (849),male
Human (85),female
Human (850),male
Human (851),male
Human (852),male
Human (853),female
Human (854),female
Human (855),female
Human (856),female
Human (857),male
Human (858),male
Human (859),male
Human (86),female
Human (860),male
Human (861),female
Human (862),female
Human (863),female
Human (864),female
Human (865),male
Human (866),male
Human (867),male
Human (868),male
Human (869),male
Human (87),female
Human (870),male
Human (871),male
Human (872),male
Human (873),male
Human (874),male
Human (875),male
Human (876),male
Human (877),female
Human (878),female
Human (879),female
Human (88),female
Human (880),female
Human (881),male
Human (882),male
Human (883),male
Human (884),male
Human (885),female
Human (886),female
Human (887),female
Human (888),female
Human (889),male
Human (89),female
Human (890),male
Human (891),male
Human (892),male
Human (893),male
Human (894),male
Human (895),male
Human (896),male
Human (897),female
Human (898),female
Human (899),female
Human (9),female
Human (90),female
Human (900),female
Human (901),female
Human (902),female
Human (903),female
Human (904),female
Human (905),male
Human (906),male
Human (907),male
Human (908),male
Human (909),male
Human (91),female
Human (910),male
Human (911),male
Human (912),male
Human (913),male
Human (914),male
Human (915),male
Human (916),male
Human (917),male
Human (918),male
Human (919),male
Human (92),female
Human (920),male
Human (921),male
Human (922),male
Human (923),male
Human (924),male
Human (925),male
Human (926),male
Human (927),male
Human (928),male
Human (929),female
Human (93),male
Human (930),female
Human (931),female
Human (932),female
Human (933),male
Human (934),male
Human (935),male
Human (936),male
Human (937),female
Human (938),female
Human (939),female
Human (94),male
Human (940),female
Human (941),male
Human (942),male
Human (943),male
Human (944),male
Human (945),male
Human (946),male
Human (947),male
Human (948),male
Human (949),female
Human (95),male
Human (950),female
Human (951),female
Human (952),female
Human (953),male
Human (954),male
Human (955),male
Human (956),male
Human (957),male
Human (958),male
Human (959),male
Human (96),male
